<?xml version="1.0" encoding="UTF-8"?>
<schemalist gettext-domain="vrr-monitor">
  <schema id="org.gnome.shell.extensions.vrr-monitor" path="/org/gnome/shell/extensions/vrr-monitor/">
    <key name="graph-color" type="s">
      <default>"#00FF00"</default>
      <summary>Graph Color</summary>
      <description>Color of the refresh rate graph line.</description>
    </key>
    <key name="unit-display-mode" type="i">
      <default>0</default>
      <summary>Unit Display Mode</summary>
      <description>0=Hz, 1=FPS, 2=Disabled (Number only).</description>
    </key>
    <key name="graph-width" type="i">
      <default>100</default>
      <summary>Graph Width</summary>
      <description>Width of the refresh rate graph in pixels.</description>
    </key>
    <key name="text-color" type="s">
      <default>"#FFFFFF"</default>
      <summary>Text Color</summary>
      <description>Color of the Hz text.</description>
    </key>
    <key name="min-hz" type="i">
      <default>30</default>
      <summary>Minimum Hz</summary>
      <description>The minimum refresh rate floor for the VRR display.</description>
    </key>
  </schema>
</schemalist>
